{"iob":0.46047654778333347,"activity":0.03069400352733685,"bolusiob":0}
