{"iob":0.7546426800333331,"activity":0.03883421516754848,"bolusiob":0}
