{"iob":1.824300000366667,"activity":0.05937213403880069,"bolusiob":0}
