{"iob":0.6155381360333334,"activity":0.035236331569664894,"bolusiob":0}
