{"iob":0.8677628607166665,"activity":0.04151763668430333,"bolusiob":0}
