{"iob":-0.0007802666666673064,"activity":0.0019400352733685983,"bolusiob":0}
