{"iob":0.33035202671666664,"activity":0.02622663139329804,"bolusiob":0}
