{"iob":0.031070456033333638,"activity":0.008252204585537902,"bolusiob":0}
