{"iob":0.07207959671666647,"activity":0.012734567901234554,"bolusiob":0}
