{"iob":0.13443510863333252,"activity":0.017156966490299803,"bolusiob":0}
