{"iob":0.008871733333333798,"activity":0.00458553791887124,"bolusiob":0}
