{"iob":0.22177021671666608,"activity":0.02172927689594355,"bolusiob":0}
